category,name,description,link,notes
מנשאים,מנשא מאי טאי היברידי (טופה טופ),"מנשא הכלאה: כתפיים של ילקוט + קשירה במותן. מומלץ ע""י רבות בקבוצה, מתאים מניו-בורן עד פעוט. הוער שלעיתים אין מנח C מלא בגב (הגב ישר ומפעיל לחץ על עמוד השדרה); מומלץ למדוד לפני קנייה. שירות הלקוחות מאשר שהחגורה במותן מגיעה עם אבזם (קליק) גם אם לא נראה כך בתמונה.",babykaring.com/topa-top/ ; topa-top.com,יש שני תתי-סוגים: אחד עם בד בכתפיים (לא ילקוט) ואחד ילקוט מלא. מדריכות טופה טופ נוטות להמליץ רק על המותג שלהן - לקחת בערבון מוגבל.
מנשאים,מנשא טבעות (Girasol),"מצוין להתחלה (בית, אחרי משכב לידה), מתאים לניו-בורן. פחות מתאים לנשיאה ממושכת ככל שהמשקל עולה כי הנשיאה א-סימטרית; חשוב לוודא שהבד לא קשה/עבה מדי.",,מצריך למידה. דעות חלוקות - חלק לא הסתדרו עם הקשירה.
מנשאים,מנשא WildBird (דגם Cosmos Aerial),מנשא ילקוט מלא (קליפסים למעלה ולמטה). הוער שבתמונה גב התינוק נראה שטוח (לא מעוגל/פיזיולוגי).,wildbird.co/products/cosmos-aerial-carrier,"מומלץ לחכות לאחרי הלידה וללכת לגמ""ח מנשאים להשאיל ולהתנסות לפני קנייה."
מנשאים,מנשא Neko Switch,מוטיב חוזר כמומלץ מאוד - ילקוט פיזיולוגי. ניתן לרכוש בחצי מחיר בגרמניה (כ-140 יורו). דווח כפחות מסורבל בעיצוב מטופה טופ פרימיום/מולטי. נמכר גם יד 2.,lunalubabies.com/product-page/sage-neko-switch,"מומלץ ע""י כמה מדריכות נשיאה. שומר ערך טוב ביד 2."
מנשאים,מנשא Buba X (בובה איקס),"ניתן למצוא יד 2 במצב מצוין (עד 1000 ש""ח). דוגמה לגישה הגורסת שאין הכרח בחיבור ישיר בין המנשא לרצועת המותן בנשיאה פיזיולוגית.",,נמכר גם יד 2 בקבוצות פייסבוק.
מנשאים,מנשא Love & Carry (לאב אנד קארי),"נמצא יד 2 במרקטפלייס בכ-250 ש""ח (מקורי כ-900 ש""ח). דווח: בד רך וקליל, תמיכה טובה. ילקוט פיזיולוגי מומלץ, יקר יחסית.",,
מנשאים,מנשא Coco-Cho (קוקוצ'ו),"פיתוח ישראלי עם פטנט מיוחד - חיבור של המנשא ואז התינוק למנשא. עניין רב בקבוצה, אך בעת הדיון לא היה במלאי.",,מוצר חדש - מידע/ביקורות מצומצמים בשלב זה.
מנשאים,מנשא טבעות / ארוג ארוך מטופה טופ,"בד ארוג זול, ניתן להיעזר במדריך וידאו של מדריכת נשיאה. דווח: עובד טוב, יש עקומת למידה, מכביד על הגב בנשיאה ממושכת.",,
מנשאים,Artipop (ארטיפופ),"מנשא קשמיר/בד יוקרתי. הומלץ ספציפית מנשא טבעות של החברה. חוקרת מנשאים ציינה שמנחי סלינגר/צד (כמו של ארטיפופ) קשים יחסית מבחינת עומס על הגוף, אף שהבדים מעולים.",,יקר משמעותית ממנשאים אחרים.
מנשאים,מנשא Neko Switch מול Easy Top (טופה טופ) - השוואה,"בהשוואה בין השניים, הנקו סוויץ' הומלץ ע""י כמה מדריכות נשיאה.",,
מנשאים,ייעוץ והדרכת נשיאה,"המלצת זהב חזרה כל הזמן: לא לקנות בלי למדוד פיזית ולהתייעץ עם מדריכת נשיאה, כי הנוחות אישית מאוד. אפשר לבדוק במרקטפלייס לפני קנייה ולמדוד אצל המוכרת.",,"גמ""חים וספריות מנשאים שהוזכרו: 'חיבוק הבד' (קהילת מנשאים בישראל), ספריית מנשאים בחיפה, אפונצ'יק בפרדס חנה, LunaLu בגליל המערבי."
מנשאים,דגשי בטיחות לנשיאה פיזיולוגית (כלליים),"מנח M (ברכיים גבוהות מהטוסיק), מנח C (גב מעוגל), פנים גלויות, מרחק נשיקה. לא לשים רגליות (רק גרביים), לא לשאת עם הפנים לחוץ. תקן מכון התקנים נחשב 'רך' ולא מבטיח פיזיולוגיות אמיתית.",,מומלץ לבדוק חזותית את עיגול הגב ולא להסתפק בתיוג 'מאושר תקן' / 'היברידי'.
עגלות וסלקלים,עגלת Dragonfly (בוגבו),"נבחרה ע""י מי שלא רצו רכב גדול ולא רצו להפריד אמבטיה מעגלה בכל קיפול. צוינה כ'מושלמת'.",,מומלצת למי שיש לה רכב קטן ורוצה אמבטיה מתקפלת מובנית.
עגלות וסלקלים,עגלת Butterfly 2 (בוגבו / Bugaboo Butterfly),"'העגלה הכי טובה' - עולה על כל מטוס (לא דורשת תיק נפרד), קלילה לסחיבה. הומלצה לטיולים/נסיעות בחו""ל.",,לרוב נמכרת ב'רב קט' במחיר טוב יחסית. אין לה אמבטיה - רק טיולון; יש לה גרסת אמבטיה מצומצמת בנפרד.
עגלות וסלקלים,עגלת Nuna (נונה) / Nuna Triv Next,"מומלצת בחום, קלה לקיפול, האמבטיה מתכווצת בגודל.",,יש דגם חדש (סייבקס) עם אמבטיה שמתקפלת קומפלט לעלייה למטוס.
עגלות וסלקלים,עגלת Anex (אנקס) / Anex IQ,"מומלצת - מתאימה לקיה פיקנטו, סל גדול למטה, אמבטיה וטיולון גדולים, קיפול נוח. יש דגם מתקפל לעלייה למטוס.",,
עגלות וסלקלים,עגלת Joolz (ג'ולז) / Joolz Day 5 / Joolz Hub,"Hub הומלצה כעגלה עירונית פופולרית וקומפקטית. ג'ולז שולט בשוק ההולנדי, בוגבו קנו אותה. מומלצת באופן אישי, יש קוד קופון לפי בקשה.",,ג'ולז פחות נפוצה בארץ כי השיווק חלש; חזקה מאוד באירופה.
עגלות וסלקלים,עגלת Cybex Priam 5,"עגלה 'מטורפת' אסתטית, יקרה.",cybexonline.co.il/pages/priam-5,
עגלות וסלקלים,עגלת Inglesina (אינגלזינה) + Aptica,נבחרה בעבר בגלל גב מתרומם (טוב לזמן בטן) ופיצ'רים נוספים; הוטסה איתה. כעומדת לעומתה - Babyjogger City Mini ('חיית שטח') הומלצה בחום. נקודת חיסרון: דורשת רכב גדול וקיפול מאתגר לנשים נמוכות (לפי דעת חלק; לדעת אחרת לא נתקלה בקושי).,,
עגלות וסלקלים,עגלת SportLine (ספורט ליין) / Nova 25',"נרכשה Nova 25' אחרי בדיקת יציבות בחנות (מבחן טלטול), אמבטיה גדולה אך השלדה כבדה ומגושמת. דווח אחר על חוסר שביעות רצון מהיציבות בבדיקה.",,
עגלות וסלקלים,"עגלת ספורט ליין נוסף - השוואת 3 (נונה, דרגונפליי, אינגלזינה אפטיקה)",שלוש העגלות שהיו במוקד התלבטות; נונה הכי יקרה אך הכי רצויה.,,
עגלות וסלקלים,סל-קל Evenflo Pivot Grow / Revolve 360 / Evenflo Thunder,"Evenflo Revolve 360 (תקן אמריקאי), ממוקם נוח לפי דיווח. הוזכר גם ג'ואי שמסתובב 360.",,תקן אמריקאי לא מקובל על כולם - לבדוק התאמה אישית.
עגלות וסלקלים,מקסי קוזי (Maxi-Cosi),"סל-קל הכי נפוץ באירופה, מתחבר לשלדים של עגלות מחברות רבות (אופציית 3-ב-1: אמבטיה, טיולון וסל-קל).",,לבדוק התאמה גם לעגלה וגם לגילאים מאוחרים.
עגלות וסלקלים,איזופיקס (ISOFIX) - מערכת עיגון,נחשב בטיחותי יותר מהעיגון בחגורה (אמריקאי). שתי זרועות מתכת ברכב מתחברות לרכיב בכיסא/בסיס סל-קל.,,ניתן להוסיף 'רגל' תומכת נוספת לעיגון יציב יותר בתשלום נוסף.
עגלות וסלקלים,"פיקס (iSize / i-Size base, כינוי כללי)","'איזו פיקס' זה בסיס חיבור לכיסא/סלקל שמותקן ברכב בקליק (ללא חגורה), נחשב בטוח יותר ונוח להתקנה.",,
עגלות וסלקלים,הדרכה לבחירת סלקל מול כיסא בטיחות,"סלקל מיועד לזמן קצר (פחות משנה, מגבלת זמן 40-45 דק' רצופות), נייד וקל לחיבור למוניות/רכבים שונים. כיסא בטיחות נשאר באותו רכב, אך מתאים לתינוק לאורך זמן ארוך יותר וניתן להוריד לו חלקים.",,
עגלות וסלקלים,עגלת טוויגי של עגליס,"מחיר בטווח ספורטליין ומטה. אמבטיה מתקפלת כולל עם הטיולון. גלגלים טובים, גימורים יפים, מקיפול קל. לא מומלץ לשבילי עפר. מומלצת בחום ע""י מי שרכשה.",www.agalease-baby.co.il,
הנקה ושאיבה,משאבת חלב Ardo (ארדו) / Ardo Alyssa,"מאוד מרוצה - שאיבה שמרה גירוי לחלב, דרך ביטוחי מכבי/מאוחדת המחיר משתלם.",,
הנקה ושאיבה,משאבת חלב Lansinoh (לנסינו) - לבישה,"כמה דיווחו על שביעות רצון, אך פחות נוח עם תינוק ביד אחרת תוך כדי שאיבה.",,המנוע במשאבות לבישות בדרך כלל חלש יותר משאבת בית; מומלץ לא להתבסס עליהן בלבד לשאיבה רצינית.
הנקה ושאיבה,משאבת חלב Annabelle (אנאבלה),משאבה דו-צדדית מצוינת אך מגבילה לישיבה (לא לבישה). תשואה גבוהה. צפוי דגם לבישה חדש בעתיד אך לא יצא בזמן הדיון - לא לבנות עליו.,,
הנקה ושאיבה,משאבת חלב Haegen (הייגן),"דעות חלוקות: יש דיווחים חיוביים (חדשה בשוק), אך גם דיווח על מדריכות שפחות אהבו אותה (בעיית חלקים). מומלצת על ידי חלק מיועצות הנקה.",,חדשה יחסית בשוק - פחות מידע/ביקורות.
הנקה ושאיבה,משאבה Biamomba (ביאמבה) / לופאמפ,הסופט של ביאמבה צוין כיחידה הטובה בקטגוריה; לופאמפ הוזכרה כטובה גם. לדעת חלק - ביאמבה לא תופסת חזיה טוב.,,
הנקה ושאיבה,בקבוק האקה (Haakaa),"קונספט סחיטה - לא עושה ואקום מזיק, אוסף את הטפטופים בזמן הנקה בשכיבה. המלצה חמה לאיסוף חלב פסיבי.",,יש לכבס בלי מרכך כביסה - מרכך דוחה רטיבות ופוגע באפקטיביות.
הנקה ושאיבה,רפידות הנקה - חד פעמיות / רב פעמיות (Nursicare/נרסיקר),רפידות נרסיקר על פצעי פטמה - הקלה מהירה מאוד (תוך יומיים). רפידות רב-פעמיות נחשבות נעימות וסופגות יותר מחד-פעמיות.,,
הנקה ושאיבה,ספריי לפטמות (iHerb),"ספריי לחיכוך פטמות, להתזה על הפלנג'ים של המשאבה, מחליף שמן קוקוס (פחות מסורבל ומלכלך).",iherb.co/K4LYQT7N?rcode=TRQ7045,
הנקה ושאיבה,משחת הנקה ללנסינו (לפטמות),מומלצת כמוצר 'בוודאות צריך' לקראת לידה.,,
הנקה ושאיבה,טופ הנקה/שאיבה - Boe Body,"טופ תמיס להנקה ושאיבה, מומלץ בחום.",boebody.com/products/טופ-תמיס-הנקה,
הנקה ושאיבה,חולצות הנקה - Hoodies.co.il,חולצות over-sized שנמצאו נוחות להנקה.,hoodies.co.il/2207-062-3105-w,
הנקה ושאיבה,גופיות הנקה - Momanda,"גופיות הנקה ממומנדה - פחות מוכר אבל איכותי, ממליצה מאוד.",,
הנקה ושאיבה,מחלבי חלב אם (אגירה) - שיקיות אחסון,צורך עתידי בשקיות אחסון לחלב אם ככל שכמויות השאיבה עולות.,,
הנקה ושאיבה,"כורסת הנקה / כורסת טלוויזיה חשמלית - Dr-Gav (ד""ר גב)","כורסה חשמלית מפנקת לעמדת הנקה. דגם דומה נמצא במחיר עד 1390 ש""ח. הוער שאישה גבוהה (כ-1.70מ') מתקשה להגיע ברגליה לרצפה.",dr-gav.co.il/living-room-and-tv-chairs/sofa-chairs/electric-tv-chairs/130de4dea9,"מומלץ: לבדוק גובה משענות, רגליים נוגעות לרצפה, אפשרות לקום עם תינוק בידיים (לא עמוקה/רכה מדי)."
הנקה ושאיבה,כרית הנקה - Coalition (קואליטה),"כרית נוחה מאוד, יקרה יחסית.",,
הנקה ושאיבה,כרית הנקה - Tali (טלי),"כרית הנקה בגודל בינוני, מתאימה גם לחזה קטן.",,
הנקה ושאיבה,כדורי Mama Flow (מורינגה) להגברת ייצור חלב,"'פשוט קסם' - מגביר ייצור תוך ימים בודדים, גם עוזר בשיקום מהריון ולידה. נדרשת זהירות - יש מקרה של הגברה מוגזמת שהביא להפסקת שימוש.",naomidror.com (מוצר Mama Flow Moringa),להתחיל בהדרגה ולהיוועץ אם יש קושי בייצור.
הנקה ושאיבה,חילבה ומורינגה (תוספים טבעיים להגברת חלב),יש להיזהר מאלרגיה אפשרית לחילבה אחרי לידה/בהריון.,,
הנקה ושאיבה,ה'פאוור פאמפ' (שיטת שאיבה להגברת תפוקה),"שיטה - הישארות עם המשאבה ושאיבה במחזורי הפסקה-שאיבה, תוך כ-3 ימים מגדילה תפוקה משמעותית.",,
הנקה ושאיבה,Calmi (קאלמי) — Baby Teva — לגזי תינוק דרך חלב האם,האמא שותה והתכשיר עובר לחלב האם ומקל על גזים של התינוק. מבוסס צמחים. היה אזל מהמלאי בזמן הדיון — לבדוק זמינות.,babyteva.co.il/קוליק-טיפות,
האכלה,בקבוק Calma של Medela,"לפי בדיקה - לא מומלץ, הפטמה עגולה וארוכה, לא תומכת הנקה ומרחיקה את הלשון מהחך.",,אזהרה - לא מומלץ לתינוקות יונקים.
האכלה,בקבוק Avent (אוונט),"מומלץ ע""י יועצת הנקה (מסומן לגילאי 9+). מנצ'קין צוין כפחות מומלץ.",,
האכלה,בקבוק/כוס עם קש - Nuk / Minenna (מיננה) / Munchkin,עדיף ללמד שתייה בקש (לא בקבוק רגיל) - מפתח שרירי פה חשובים לקראת דיבור (לפי קלינאית תקשורת). מומלץ נוק או מיננה. מנצ'קין צוין כפחות מומלץ.,"shop.super-pharm.co.il (כוס משקולת פטנט ורודה, לדוגמה)",קש קצרה מומלצת. ההתאמה משתנה מתינוק לתינוק - אצל חלק לוקח זמן ואצל חלק מסתדר מהר.
האכלה,משייף ציפורניים - מאמקוזי (MamaKoala/Mam Cozy),"מומלץ בחום, איכותי. כן הוזכר גם משייף 'לייף בייבי' (Life Baby) שעבד מעולה.",amzn.to/3X4lM9a (קישור לדוגמה),לא מומלץ לגזור ציפורניים לפני גיל חודש-חודש וחצי (הציפורן עדיין כמו נייר/לא לגמרי נפרדת מהעור). אזהרת בטיחות: דווח על פציעות בעת שימוש בגוזז ולא משייף.
האכלה,שואב נזלת חשמלי - בייבי טבע,"שואב נזלת חשמלי עם פיה מעוגלת ששומרת על הרירית, מומלץ מאוד.",,
האכלה,מוצץ - Avent (אוונט),"מוצץ מסופר פארם, עבד טוב לכמה תינוקות.",,
האכלה,טיפות אף לתינוקות - אוטרבין / מרמיד,מומלצות טיפות אף עדינות (אוטרבין או מרמיד) לנזלת.,,
האכלה,Econawa — כלי אוכל סיליקון יפניים (כולל תבנית וואפל),"מותג יפני מוקפד. סיליקון בדרגת מזון, ללא פתלאנים. יקר אך איכותי. כולל תבנית וואפל ועוד כלי אוכל לתינוקות. מומלץ לטעימות ראשונות.","econawa_il (אינסטגרם) ; 
share.google/NGdnA9elzhD7px8MZ",
האכלה,Solid Starts — אפליקציה ואתר לטעימות ראשונות (BLW),"מידע איך להגיש כל מאכל לפי גיל ושלב התפתחותי. גישת BLW (Baby Led Weaning) — התינוק מוביל, אוכל לבד. מומלץ מאוד.",solidstarts.com,
טיפוח ואמבטיה,סדרת Head to Toe (שמנים לתינוק),"'חבילה קבועה' מומלצת לכל יולדת - שמן בטן לגזים, שמן לשינה טובה, שמן לאף לנזלת/קוליק, שמן לחזה לשיעול. דווח ששמן האף עבד תוך שניות, על אף ספקנות התחלתית.",,
טיפוח ואמבטיה,ערוגות - משחת החתלה / משחת הפלא האורגנית / שמן עיסוי,חלק מהחבילה הקבועה המומלצת. שמן עיסוי תינוקות לעיסוי כפות רגליים/גוף.,,
טיפוח ואמבטיה,בייבי טבע - שמן לחיים לכאבי שיניים / מגנול לטיהור אוויר / חוקלי חום,מומלצים כחלק מחבילה קבועה ליולדות.,,
טיפוח ואמבטיה,סבון/קרם - ערוגות (לסירוגין עם בלנאום),"לסירוגין סבון סגול של ג'ונסונס במקלחת ובלנאום באמבטיה לפריחה/אסתמה של העור. ערוגות מומלץ, אך מכיל מעט אלכוהול.",,ג'ונסונס (Johnson's) צוין כלא מומלץ באמת - 'שיווק' בעיקרו.
טיפוח ואמבטיה,מוצץ/אבקת כביסה - Frosch (פרוש),"חומרי ניקוי וכביסה אקולוגיים מגרמניה, מבוססי רכיבים טבעיים, טבעוניים, לא נבדקו על בעלי חיים.",,מתאים גם לכביסת בגדי תינוקות - בלי מרכך.
טיפוח ואמבטיה,נוזל כביסה לתינוקות - יעקבי בייבי,מסיר כתמים סבבה לבגדי תינוקות; ספריי כתמים של יעקבי בייבי הוזכר כפתרון.,,
טיפוח ואמבטיה,אבקת כביסה - פינק סטאפ (Pink Stuff),אבקה טבעית מומלצת לכביסת בגדי תינוק.,,
טיפוח ואמבטיה,פתרון כתמים - מסיר כתמים אולטימטיבי + שמש,שילוב מסיר כתמים וחשיפה לשמש להסרת כתמי קקי/אוכל מבגדי תינוק.,,
טיפוח ואמבטיה,קרם להגנה מהשמש (לאם בהריון),קרם הגנה יומי + חידוש כל שעתיים חשוב מאוד למניעת פיגמנטציה הורמונלית.,,
טיפוח ואמבטיה,"חומצה אזלאית (לפיגמנטציה בהריון, לאם)","סרום/קרם על בסיס חומצה אזלאית בטוח בהריון - מותגים שהוזכרו: 'לונר בליס' של אייקוניקס, או סרום אזלאית של אנואה. עוזר למניעה, לא בהכרח מתקן הכל.",,
טיפוח ואמבטיה,מד חום דיגיטלי + מד חום למים/לחדר,מומלץ להחזיק מד חום גוף מהיר ומד חום צף למים ולחדר התינוק.,,
טיפוח ואמבטיה,מארז מגבונים - שילב,"מארז מגבונים ענק וזול, ללא בישום.",shilav.co.il (חיפוש: מארז חיסכון 24 יח' מגבונים ללא בישום),
טיפוח ואמבטיה,"משטח החתלה סיליקון — IKEA (רב-פעמי, כ-20 ש""ח)","מנוקה בקלות עם מגבון, ניתן לכבס. אפשר לשים משטח רב-פעמי מעל. עמיד, זול, מומלץ בחום. גם סיליקון מ-Bina and Bino הוזכר.",IKEA,
שינה וניטור,מוניטור תינוקות - Owlet,"מוניטור עם גרב חישה + מצלמה. דווח על קושי לחבר את הגרב (תקלת אפליקציה/אזור), אך המצלמה עובדת טוב - מדווחת בכי/תנועה, טמפ' חדר, נוטיפיקציות לפלאפון.","a.co/d/0hEB0BSa (אמזון, לדוגמה)","אזהרה: דווח על קושי לחבר את הגרב לאפליקציה בארץ (לא הופיע ב-App Store בזמן מסוים); כדאי לבדוק תאימות לפני קנייה מחו""ל."
שינה וניטור,מוניטור תינוקות - Nanit,הוזכר כחברה מתחרה ל-Owlet.,,
שינה וניטור,מוניטור תנועה - BabySense / Snuza,צוין ש-BabySense לא מתאים לכל עריסה מתחברת (יש להתאים לפי סוג העריסה).,,
שינה וניטור,"מוניטור פשוט (לא Wi-Fi, ללא חיבור לרשת) - אמזון/עלי אקספרס",חשוב שיהיה מעגל סגור (לא מחובר לאינטרנט/וויפי) כדי להימנע מחשש פריצה. דווח על תקלות סוללה במוניטורים מעלי אקספרס; מומלץ לרכוש מאמזון.,,אזהרה: שמועות (לא מאומתות) על האפשרות שאנשים זרים מתחברים למוניטורים מבוססי Wi-Fi - לבדוק הגדרות אבטחה.
שינה וניטור,שק שינה לתינוק,פתרון מומלץ לחורף במקום שמיכה (שמיכות אסורות בעריסה מסיבות בטיחות - סכנת חנק).,,אזהרה בטיחותית: אין לשים שמיכות/כריות/מגנים בעריסה או בעגלה לתינוקות קטנים.
שינה וניטור,מזרן Numo (לשכיבה על הבטן),מזרן מומלץ להרדמת תינוק על הבטן מהרגע שהוא מתהפך.,,
שינה וניטור,עריסה מתחברת (Co-sleeper),עריסה שמתחברת למיטת ההורים - שימושית להחתלה ולשמירה על קרבה לתינוק; חלק מהתינוקות לא נרדמים בה לאורך זמן ועוברים למיטת ההורים (לפי הנחיות בטיחות לינה משותפת).,,
שינה וניטור,"מנורת לילה חכמה (אור אדום, אליאקספרס/אמזון)","מנורה עם אור אדום (לא משבש מלטונין), צבעים מתחלפים, שלט מרחוק. מומלצת מאוד להנקה לילית. נמכרת גם במקס סטוק.",,"חשוב: אור אדום בלבד, לא לבן (אור לבן מעורר את התינוק ומשבש שינה)."
שינה וניטור,מכונת רעש לבן,רעש לבן (גם מאוורר תקרה/מאוורר קטן) עוזר לשינה עמוקה יותר; יש מכשירים מיוחדים גם מעלי אקספרס.,,
ביגוד,בגדי תינוק - Carter's (קרטרס),ה-NB (ניובורן) של קרטרס נחשב 'באמת NB' לעומת מיננה שגדול מאוד. מבצעים עד 70% מדי פעם.,,
ביגוד,בגדי תינוק - Next,"אתר שמזמינים ממנו, מגיע מהר, אחלה איכות.",,
ביגוד,בגדי תינוק - Terminal X,מבצע 20% על בגדי ילדים/תינוקות + כפל מבצעים עם כרטיס פיס/מועדונים אחרים.,,
התפתחות ומשחק,משטח פעילות / אוניברסיטה - Minenna (מיננה),משטח פעילות 'חיפושית' ממיננה - אהוב מאוד.,,"יש מבצעים מדי פעם בעגליס על משטחי פעילות (כ-50 ש""ח)."
התפתחות ומשחק,ניענוח (Bouncer) ואוניברסיטה - כלליים,פתרון להעסקה עצמית בזמן הורה עם ילד נוסף.,,
התפתחות ומשחק,נגן שמע ללא מסך - Yoto,"נגן עם כפתורים שפעוטות מתפעלים לבד, ללא מסך, מופעל עם כרטיסיות שניתן להחליף ולטעון תכנים (שירים, סיפורים, פודקאסטים), אפשרות התחברות בלוטות' לטלפון. נמכר רק בחו""ל (ארה""ב/אירופה).",,facebook.com/share/g/1GepeX2Sqp (קבוצת פייסבוק עם מדריכים וקודי קופון)
ריהוט וחדר הילד,שידת החתלה - כללי,יש משתמשות הרבה ויש שלא משתמשות בכלל ומחתלות על המיטה - תלוי בהעדפה אישית. שידת החתלה משמשת גם לאחסון חיתולים/מגבונים/בגדים.,s.click.aliexpress.com/e/_c3im66gD (לדוגמה); גם נמכר באמזון,
ריהוט וחדר הילד,מעמד אמבטיה לתינוק / 'צופי' לאמבטיה - Agalease-Baby,"מעמד מתקפל לאמבטיה, יציב ותופס פחות מקום מהמעמד המקורי. 'צופי' (תושבת תינוק לאמבטיה) - התינוק מעורסל בו, לא צריך להחזיק. שתי תוספות שונות מאותה חברה.",agalease-baby.co.il/products/12083 ; agalease-baby.co.il/products/81277,
ריהוט וחדר הילד,ארגז אחסון לבגדים/ציוד - Mamacozy (מאמקוזי),ארגז אחסון מאמזון לארגון חדר הילד.,,
ביגוד הריון והנקה לאם,בגדי הריון/הנקה - H&M,"מומלץ מאוד: מכנסי ג'ינס עם גומי בגזרה נמוכה, טייצים בגזרת flare רחבה, מכנסיים קלילים עם גומי פשוט. גם שמלת 'אמא מניקה' עם כתפיות שנפתחות מלמעלה בצורה נוחה.",,
ביגוד הריון והנקה לאם,בגדי הריון - Shein (שיין),מכנסיים אלסטיים לקיץ נמצאו 'נדירים' (במשמעות חיובית) בשיין.,,
ביגוד הריון והנקה לאם,מכנסיים אלסטיים לקיץ - Pull & Bear,"מכנסיים עם גומי במותן, משוחררים, נעימים מאוד (לא דווקא מקולקציית הריון ספציפית).",,
ביגוד הריון והנקה לאם,טייצים נוחים בהריון - American Eagle,טייצים נוחים מאוד בבטן.,,
ביגוד הריון והנקה לאם,גופיות וטופים להנקה - Momanda,"גופיות הנקה מומלצות מאוד, פחות מוכר אבל איכותי.",,
ביגוד הריון והנקה לאם,חולצות הנקה רגילות (לא ייעודיות) - הודיס / Hoodies.co.il,חולצות over-sized ורפויות עם צווארון מתאימות גם להנקה גם בלי תפר/פתח מיוחד.,,
ביגוד הריון והנקה לאם,חולצות הנקה עם תפר נסתר (מועדף),חולצות עם ריצרץ בצד או פתח נסתר בחזה מיועדות ספציפית להנקה - שונה מחולצה רגילה.,,"כדאי לבדוק שיש פתח ייעודי, לא רק חולצה רחבה."
ביגוד הריון והנקה לאם,נעלי בית/כפכפים - לתיק לידה,מומלצים כפכפי סלייד/נעלי בית נוחים וקלים לנעילה לתקופת האשפוז (בניגוד לכפכפי אצבע).,,
ביגוד הריון והנקה לאם,חזיות הנקה — סופר פארם (מומלצות),"מומלצות בחום — נוחות, לא לספורט. של דלתא — תפורות בצורה לא אידיאלית לחיבור קונוסי משאבה.",super-pharm.co.il,
ביגוד הריון והנקה לאם,חולצות הנקה עם ריצ'רץ' בצד — Shein,"זולות משמעותית מחולצות הנקה בארץ, מפתיעות לטובה. לחפש: חולצת הנקה עם ריצ'רץ'.",shein.com,
ביגוד הריון והנקה לאם,גופיית הנקה — BabyBoss Textile,"בד נמתח, ריפוד מובנה בחזה, מומלצת בחום. כמעט אזלה מהמלאי בזמן הדיון — לבדוק.",babybosstextile.co.il/products/synr-hnqh-kvtnh-vrgnyt-mnvmr,
ביגוד הריון והנקה לאם,HOKA Ora Luxe — כפכפי/נעלי התאוששות,"מומלצות לנשים בהריון ואחרי לידה. מומלץ ע""י אוסטאופת — 'עושות דיקור ורפלקסולוגיה בכל צעד'. יש גם ב-We Shoes.",weshoes.co.il/products/hoka-ora-luxe-כפכפי-אורה-לוקס-הוקה-בצבע-שחור,
ערכות לידה ותיק לידה,ערכת לידה (Birth Kit) - Biogaya (ביוגאיה),"ערכת מוצרים מרוכזת לעזרה בלידה ובימים הראשונים אחריה, כולל מוצרים להקלת קרעים.",biogaya.co.il/mom-baby/mother/birth-kit-drk,
ערכות לידה ותיק לידה,בקבוק פרי (Peri Bottle) לתיק לידה,"מומלץ בקבוק עם קצה מעוגל ועם פקק (לא חד, להיגיינה). משמש לניקוי עדין באזור הפרינאום אחרי לידה ולשטיפה כשקשה לנגב.",,כדאי לבדוק את צורת הקצה לפני קנייה - לא כל הדגמים מתאימים.
ערכות לידה ותיק לידה,שמן שקדים לחדר לידה,"בקבוק שמן שקדים (גודל מספיק - גם בקבוק 100 מ""ל מספיק; 500 מ""ל יכול להחזיק לכמה לידות). מומלץ לבקש קומפרסים חמים בלידה - מרכך את הרקמה.",,
ערכות לידה ותיק לידה,עיסוי פרינאום (הכנה לפני לידה),מומלץ להתחיל עיסוי פרינאום מסביבות שבוע 35-36. מומלץ עם מוזיקה/זמזום ברקע - יש קשר בין מיתרי הקול לשחרור הפות ורצפת האגן.,,מומלץ לקבל עזרה מבן/בת הזוג בשלבים מתקדמים - קשה לבצע ביד אחת לבד.
ערכות לידה ותיק לידה,חלוק לידה / בגדים ללידה - Lila Laborwear,מותג ייעודי לבגדי לידה (חלופה לחלוק בית החולים).,instagram.com/lila.laborwear,
ערכות לידה ותיק לידה,בגדים ללידה עצמה - כלליים,"יש דעות חלוקות: חלק מעדיפות להישאר עם חלוק בית החולים (כי הבגד האישי 'ילך לפח' אחרי הלידה), חלק מעדיפות בגדים אישיים כדי לשמור על תחושת שליטה ולא 'תחושת מטופלת'.",,
ערכות לידה ותיק לידה,טנס (TENS) לצירים - השכרה/קנייה,"מכשיר טנס שולח פולסים חשמליים דרך אלקטרודות על הגב התחתון, עוזר לעמעם תחושת ציר. ניתן להשכיר (יד שרה, חברת 'צירים', גמ""חים פרטיים) או לקנות (גם באמזון, יחסית לא יקר). מומלץ להתחיל להשתמש כשהצירים עדיין נסבלים.",,"מדבקות לטנס ניתן לרכוש בנפרד (כ-12 ש""ח ביד שרה, גם בעלי אקספרס). חשוב לבדוק תאימות הדגם להריון/לידה."
ערכות לידה ותיק לידה,כדור פיזיו / כדור בוטן ללידה,שימושי לתנועה ושחרור בזמן צירים; מומלץ להתחיל להשתמש בו כבר בשלב הצירים הנסבלים.,,לרוב קיים גם בחדרי לידה רגילים בבית החולים - אפשר לבקש.
ערכות לידה ותיק לידה,פלייליסט לידה / מוזיקה מרגיעה,"מומלץ להכין פלייליסט מראש (ספוטיפיי) - מוזיקת הרפיה, תדרים (כמו סולפג'יו 417), או היפנובירת'ינג מוקלט. דיווח שניתוק מודעות מהסביבה ומוזיקה סייעו להתקדמות הלידה.",,
התאוששות אחרי לידה,פדי קירור - Frida Mom,"פדי קירור אמריקאים מוכרים (פורסמו כפופולריים אך יש גם תחליפים מקומיים מומלצים, כמו בייבי טבע).",,"ניתן לבקש בבית חולים, לא תמיד מספקים בכמות מספקת - מומלץ להביא משלך."
התאוששות אחרי לידה,פדי קירור - בייבי טבע,"תחליף מקומי ל-Frida Mom, 'כמו כרית' שמקררת, מומלץ בחום. נמכר במבצעים תכופים (כ-30% הנחה).",,מומלץ לקנות כמות גדולה - 'כמה שיותר יותר טוב'.
התאוששות אחרי לידה,מגבוני מגנזיום מקפיאים (מגנקור ודומיו),"מגבוני מגנזיום שמניחים על הפד הקר/באמבטיה, מקלים על כאבי משכב לידה. נמכרים גם בסופר פארם וגם דרך הרוקח.",,ניתן גם לרסס אלוורה/אלופירסט על פד רגיל ולהקפיא כתחליף.
התאוששות אחרי לידה,תחתוני מחזור חד-פעמיים - Kotex,"מומלצים לתקופת משכב הלידה, נוחים ומחזיקים טוב (תלוי מידה אישית).",,
התאוששות אחרי לידה,תחתוני רשת חד-פעמיים - בייבי טבע,"תחתונים רב-פעמיים מבייבי טבע נוחים מאוד, ניתן לשים מעליהם פד קירור/מגנזיום.",,
התאוששות אחרי לידה,ספריי לתפרים - אלופירסט,מומלץ ספריי אלוורה/אלופירסט לתפרים אחרי לידה (לא רק לשטיפה - גם לקירור).,,
התאוששות אחרי לידה,משחה לטיפול בטחורים - Piturid (פיטורואיד),"משחה שמתאימה במפורש לשימוש בהריון ובהנקה (כתוב על האריזה), מומלצת בחום.",,
התאוששות אחרי לידה,טיפול בטחורים - פרוטוקול כללי,"המלצות מצטברות: לשתות הרבה מים, לא ללחוץ בשירותים, לשבת בתנוחה שמדמה כריעה (שרפרף מתחת לרגליים, גו מוטה ב-45 מעלות), לא לנגב עם נייר טואלט (עדיף בידה/מגבונים), חליטת שזיפים מבושלת ללילה, כף שמן זית בבוקר במצב אקוטי, תרגילי כיווץ-שחרור רצפת אגן.",,פרוטוקול שדווח כיעיל מאוד אחרי שנים של טחורים חזרתיים.
התאוששות אחרי לידה,טיפול בעצירות אחרי לידה - זרעי צ'יה,"כף-כף וחצי זרעי צ'יה בכוס מים, מושרים ללילה, נשתים בבוקר. נורמלקס (תרופה) כתוספת במקרה החמרה.",,
התאוששות אחרי לידה,חוקן ביתי אחרי לידה,"נדון כפתרון לעצירות קשה עם תפרים (ניתן ע""י רופא, נדרשת היכרות עם השימוש).",,
התאוששות אחרי לידה,תכשיר הומאופתי טראומיל (Traumeel) - קרם/קפסולות/טיפות,"תכשיר הומאופתי המבוסס על ארניקה, עוזר בהחלמת רקמות מטראומה גופנית (כולל לידה, פציעות, פרוצדורות). נמכר בכל סופר פארם בכמה צורות.",,מומלץ להחזיק בבית כתכשיר כללי.
התאוששות אחרי לידה,עיסוי רחם / סובאדה אחרי לידה,טיפול עיסוי בטן/אגן/גב תחתון התומך מאוד בהחלמה אחרי לידה - מומלץ במיוחד אחרי משכב לידה.,,ראו גם קטגוריית 'אנשי מקצוע' (גיליון בריאות) לפרטי מטפלות.
התאוששות אחרי לידה,פד מגנזיום Life (ורוד) — סופר פארם,פי כמה ממגנקור לפי דיווח. הורוד הוא של Life. נמכר בכל סניפי סופר פארם ליד פדי המגנזיום.,super-pharm.co.il (אזור פדי מגנזיום),
התאוששות אחרי לידה,"בידה חשמלית — KSP (כ-150 ש""ח)","המלצה חמה, אוטומטי (לא צריך להחזיק), עובד ללא חשמל ליד האסלה. 'מציל חיים' אחרי לידה ולטחורים.",ksp.co.il/mob/item/268087,
התאוששות אחרי לידה,תחבושות לנסינו — לאחרי לידה,מומלצות יותר מתחבושות בית חולים. ניתן לשים פד מגנזיום מעליהן בתוך תחתוני קוטקס.,,
טיפוח ועור (לאם),קרם לסימני מתיחה - Mami Care,דווח על שיפור משמעותי אחרי שבוע שימוש.,,סימני מתיחה תלויים בעיקר בגנטיקה וקצב גדילת הבטן - הקרם מסייע בלחות אך לא מבטיח מניעה מלאה.
טיפוח ועור (לאם),"שמן/קרם לסימני מתיחה - שמן ויטמין E (ג'ייסון), שמן נבט חיטה, וולדה",מומלצים לשמירה על לחות העור למניעת סימני מתיחה. שילוב מוצרים שונים לסירוגין.,,
טיפוח ועור (לאם),חומצה אזלאית לפיגמנטציה הריונית - לונר בליס (אייקוניקס) / סרום אזלאית (אנואה),"מומלצים למניעת פיגמנטציה הורמונלית בהריון, בטוחים לשימוש בהריון.",,"מסייע למניעה, לא בהכרח מתקן פיגמנטציה קיימת - חשוב גם קרם הגנה יומי וחידוש כל שעתיים."
טיפוח ועור (לאם),הרמת ריסים בהריון,"מותר ובטוח לביצוע בהריון (החל משבוע 20 בדרך כלל, אם לא נעשה לפני).",,
תוספי תזונה ומאכלים (לאם),עלי פטל אדום (חליטה / מיצוי / תמצית),"תומך בשרירי הרחם, נועד להפוך צירים לאפקטיביים יותר; לא בהכרח 'מזרז' לידה. ניתן בכמה צורות: חליטה (ליטר תה ביום - עבודה רבה), מיצוי, או תמצית מרוכזת (אחוז מהמים, ריכוז גבוה - יותר נוח).",,התמצית מבוססת מיצוי באלכוהול - לציין למי שרגישה.
תוספי תזונה ומאכלים (לאם),"חילבה (לאחר לידה, להגברת חלב)","ראו פירוט בגיליון ציוד לתינוק, קטגוריית הנקה - יש להיזהר מאלרגיה אפשרית.",,
תוספי תזונה ומאכלים (לאם),אבקות חלבון להריון,"מומלצות אבקות חלבון איכותיות בלי תוספת סוכר, מבוססות חלבון מי גבינה, לנשים שמתקשות להגיע לכמות חלבון נדרשת מאכילה רגילה.",,
תוספי תזונה ומאכלים (לאם),מקורות חלבון מומלצים בהריון,"יוגורט יווני (לא יוגורט 'חלבון' - מכיל פחות חלבון ויותר סוכר), קוטג', אדממה, ביצים, חמאת שקדים/בוטנים, דגים, קטניות + קינואה (חלבון מלא), גבינות, טונה.",,
תוספי תזונה ומאכלים (לאם),ציר עוף / ציר בקר (להחלמה אחרי לידה),מומלץ לשתות ציר עוף/בקר להחלמה ולחיזוק אחרי לידה. ציר עוף קל יותר להכנה מציר בקר - מומלץ להתחיל ממנו.,,
תוספי תזונה ומאכלים (לאם),שירותי הכנת אוכל קפוא/ארוחות אחרי לידה (שפרא ופועה ודומים),שירותים שמכינים ומספקים ארוחות מוכנות ליולדת/למשפחה בשבועות הראשונים.,,
אנשי מקצוע ומטפלים,סובאדה / Arvigo (עיסוי בטן/רחם),"טיפול עיסוי באזור הבטן, האגן והגב התחתון - תומך מאוד בהחלמה אחרי לידה ובאיזון בהריון. מומלץ בחום מכמה כיוונים בקבוצה. ניתן לחפש מטפלות לפי אזור באתר 'סובאדה ישראל'.","אזורים שהוזכרו: חדרה, נס ציונה, פרדס חנה, אור עקיבא",
אנשי מקצוע ומטפלים,"ד""ר רומן גורוכובסקי - רופא נשים, לניאדו","המלצה חיובית מאוד: 'מבוגר, קר באופיו אך מקצועי ומכבד מאוד'. מיילדת שעבדה איתו שנים ציינה שזה הרופא שהיא הייתה פונה אליו במקרה הצורך.",בית חולים לניאדו,
אנשי מקצוע ומטפלים,"ד""ר דניאל זילברמן - אזהרה","דיווח על חוויה שלילית: נתן הערות אישיות לא מבוקשות (כולל על צוואר הרחם) ודחף את דעתו על לידת בית בלי שנשאל ובלי הבנה בנושא, על אף שלא התבקש לחוות דעה.",,אזהרה: על בסיס חוויה אחת שדווחה בקבוצה - לקחת בערבון מוגבל ולגבש דעה עצמאית.
אנשי מקצוע ומטפלים,"ד""ר אייל מרכדו - אורתופד, זכרון יעקב","המלצה חיובית: 'חמוד ומקסים', עונה על שאלות ההורים. צוין בהקשר בדיקת פרקי ירך/אורתופדיה לתינוקות.",זכרון יעקב,
אנשי מקצוע ומטפלים,"ד""ר בכר ג'אבר - רופא ילדים",המלצה חיובית בהקשר של עיסויי כפות רגליים לתינוק (לטיפול במנח כפות רגליים).,,
אנשי מקצוע ומטפלים,"נוריאל - מטפל אוסטאופתיה לתינוקות, אבן יהודה","מטפל המלמד אוסטאופתיה לתינוקות, תיאור: 'איש רך ונעים', עוזר לבדוק ולתקן צוואר תפוס, השפעת הלידה על הגוף של התינוק (כיוון ראש, קצב יציאה מהיר/מתון).",אבן יהודה ; instagram.com/nuriassin,מומלץ ללכת לאוסטאופת לתינוקות גם בלי תלונה ספציפית - יכול לאתר בעיות לא ברורות (כמו צוואר תפוס שמשפיע על גזים/הנקה).
אנשי מקצוע ומטפלים,"ד""ר רפאל פיטוסי - אוסטאופת","אוסטאופת מומלץ, מתמחה בטיפול לתינוקות.",instagram.com/raphaelfitoussi_osteopath,
אנשי מקצוע ומטפלים,אורי פלוטקין - אוסטאופתיה,הומלץ לצד מטפל אוסטאופתיה אחר כמי שמתמחה בטיפול לתינוקות.,instagram.com/oriplotkin_osteopathy,
אנשי מקצוע ומטפלים,"חן אלוש - פיזיותרפיסטית רצפת אגן, ת""א (שינקין)","המלצה חמה מאישה שהייתה אצלה בשני הריונות; מקבלת באזור שינקין, תל אביב.",instagram.com/chen_allouche_physiotherapy,
אנשי מקצוע ומטפלים,מיה איזקס - יועצת הנקה,הוזכרה כיועצת הנקה לבדיקת פניות/זמינות באזור ירושלים.,אזור ירושלים,מומלץ לוודא תעודה בינלאומית (IBCLC) ופניות בעת פנייה.
אנשי מקצוע ומטפלים,אירה קרן מונק - דולה (אזור המרכז),"המלצה חמה: דולה שמלווה גם בהכנה ללידה מקיפה, עם דגש על נשימה בלידה. דווח על תחושת העצמה וחיבור לגוף בעקבות הליווי שלה. מבצעת גם קפסולציית שיליה.",אזור המרכז,
אנשי מקצוע ומטפלים,טליה בן מזיא - יועצת הנקה ושינה,"הומלצה כיועצת שינה מוסמכת; בהרצאתה ציינה שבשבועות הראשונים לא מומלץ לאפשר רצפי שינה ללא האכלה (אלא אם יש עלייה טובה במשקל), ושלא לאמץ באופן גורף את הכלל 'תינוק ישן לא מעירים'. דעה זו שנויה במחלוקת בקבוצה.",,"יש לקחת בערבון מוגבל כל המלצה גורפת (גם 'תמיד להעיר' וגם 'לעולם לא להעיר') - תלוי משקל לידה, שבוע לידה, אופן הנקה ועוד גורמים."
אנשי מקצוע ומטפלים,פיזיותרפיה לרצפת האגן,"מומלץ מאוד לפני לידה (הכנה, לימוד הפעלה נכונה של השרירים) ואחרי לידה (שיקום), כולל התייחסות לכאבי תפרים, קושי בחזרה ליחסי מין, וסימפיוזיוליזיס. ניתן לקבל הפניה מרופא/ת נשים, גם דרך הקופה.",,"אזהרה חשובה: 'סימפיוזיוליזיס' היא אבחנה רפואית ספציפית (פער של 1 ס""מ+ בין עצמות האגן, נראה ברנטגן) שלעיתים מיוחסת בטעות לכל כאב אגן כללי בלי בדיקה - חשוב לקבל אבחנה מדויקת ולא להסתפק בתיוג כללי."
אנשי מקצוע ומטפלים,עיסוי FEMA (אחרי לידה),עיסוי שיכול לעזור בהחזרת איברים למקום ובהרפיה מחדש של רצפת האגן אחרי לידה.,,
אנשי מקצוע ומטפלים,רפלקסולוגיה לתינוקות,"טיפול בגזים, שיניים, חיזוק חגורת כתפיים, הרגעה והכנסת תדר שינה. נקודת 'מקלעת השמש' בכף הרגל מקושרת למערכות הגוף; מגע באצבע השלישית והבוהן עוזר בהעלאת ביטחון והרגעה.",,
אנשי מקצוע ומטפלים,רפלקסולוגיה - גם לזירוז לידה,"דווח על מקרה שבו לחיצות רפלקסולוגיה סייעו לעובר במנח לא תקין להסתובב בשבוע מאוחר, רגע לפני קביעת תור לקיסרי. יש להתייחס כאנקדוטה ולא כשיטה מוכחת.",,
אנשי מקצוע ומטפלים,דולה - הכנה ללידה ולווי בלידה (כללי),מומלץ לחפש דולה עם התמחות בביומכניקה/אקוויליבריו ונסיון עם VBAC (לידה רגילה אחרי קיסרי) למי שזה רלוונטי לה. יש דולות שמבצעות גם 'הברגה' - בדיקה והנחיה לתנועה לטובת מיקום נכון של העובר באגן.,,
אנשי מקצוע ומטפלים,דולה - ליווי פוסט-פרטום (אחרי לידה),מומלץ מפגש עם דולה אחרי לידה לעיבוד החוויה ותמיכה.,,
אנשי מקצוע ומטפלים,יועצת הנקה - בעלת תעודה בינלאומית (IBCLC) - כללי,"מומלץ לוודא תעודה בינלאומית. מומלץ לקבוע מראש יועצת שתבוא לבית החולים סמוך ללידה, ולבקש גם יועצת בבית חולים שתחבר את התינוק להנקה.",קבוצת Liu (ליווי הנקה) - liu.co.il ; קו חם בהתנדבות: liu.co.il/breastfeeding,
אנשי מקצוע ומטפלים,מדריכת נשיאה (למנשאים),מומלץ למדוד מנשא פיזית ולהתייעץ עם מדריכת נשיאה לפני קנייה - הנוחות אישית מאוד. יש מדריכות שמורידות את מחיר ההדרכה אם קונים מנשא דרכן.,,לשים לב: חלק מהמדריכות מועסקות/מקבלות הדרכה ממותג מסוים ועשויות להטות המלצות לכיוון המותג שלהן.
אנשי מקצוע ומטפלים,פילאטיס הריון,מומלץ מאוד כהכנה לגוף ולרצפת האגן לפני לידה; דווח שתרגול עקבי הקל משמעותית על תהליך הלידה וההתאוששות.,,
אנשי מקצוע ומטפלים,דיקור סיני (בהריון ולקראת לידה),"מומלץ להקלה כללית, ולעיתים גם לתמיכה בהבשלת תנאי הגוף ללידה (לא 'מניע' לידה בכוח, אלא תומך תהליך טבעי אם הגוף מוכן).",,
אנשי מקצוע ומטפלים,טקס סגירת עצמות (אחרי לידה),"טקס מסורתי לריפוי, החלמה ועיבוד הגוף לאחר הלידה. תיאור כחוויה פיזית ומטאפיזית עוצמתית. עלות לא זניחה - ניתן להתחלק בעלות בין כמה נשים.",annette.co.il/closing-the-bones-ceremony/,
אנשי מקצוע ומטפלים,הפרשת חלה - מפגש/סדנה,פעילות שמוצעת כמפגש קהילתי/רוחני בהקשר הריון.,,
אנשי מקצוע ומטפלים,חנה בורר — מטפלת בתינוק עכוז,הוזכרה בהקשר של תינוק במצב עכוז בשבוע 36. לפרטים — פנייה בפרטי בקבוצה.,,
אנשי מקצוע ומטפלים,רות פדידה — אמבריו בלאנס (מצב עכוז),מפורסמת בתחום אמבריו בלאנס לתינוק עכוז. הוזכרה כ'הכי מפורסמת בזה'. אמבריו בלאנס לא עזר בכל המקרים — לא ערובה.,,
אנשי מקצוע ומטפלים,nurse.with.love — יועצת הנקה (אינסטגרם),"תוכן מועיל, מומלץ לעקוב. אחת מהחברות שאלה אם מישהי ניסתה אותה ישירות — אין חוות דעת על ייעוץ אישי.",instagram.com/nurse.with.love,
אנשי מקצוע ומטפלים,Chen Levi — צלמת לידה,הוזכרה בהקשר של צילום לידה. פעילה גם כצלמת חתונות.,instagram.com/chenlevi_wed ; instagram.com/chenlevi_photography,
אנשי מקצוע ומטפלים,sobada.co.il — אתר לאיתור מטפלות סובאדה,קישור לחיפוש מטפלות סובאדה לפי אזור. לינק חדש שנשלח בקבוצה — להוסיף לשורת הסובאדה הקיימת.,sobada.co.il/sreach_resultes,
בתי חולים וחוויות לידה,בית חולים אסף הרופא,"המלצות חמות על הצוות והגישה - אכפתיות לחוויית הלידה. דווח גם על המתנות ארוכות במיון בשעות עומס (בוקר, ביקורות).",,מומלץ להגיע בשעות פחות עמוסות (למשל בלילה) אם אפשר.
בתי חולים וחוויות לידה,בית חולים פוריה,"המלצה חמה - דווח על תחושת התחשבות וטיפול אישי, גם בתקופת לחימה. מומלץ לבדוק את תוכן קורסי ההכנה ללידה הניתנים שם (דווח שלא כל הקורסים מעמיקים בנשימות/תנוחות לידה כמו שמצופה).",,
בתי חולים וחוויות לידה,בית חולים אסותא / לניאדו,לניאדו - דווח על התחשבות בבקשות אישיות של היולדת (כמו אי-מתחשבות לפי משקל משוער) ועל יחס מקצועי ומכבד.,,
בתי חולים וחוויות לידה,בית חולים איכילוב,"דווח על עומס/התערבויות גבוהות יחסית; חלק חוששות ללדת שם בגלל זה, אך יש גם דיווחים חיוביים פרטניים.",,
בתי חולים וחוויות לידה,בית חולים וולפסון,"המלצה חמה במיוחד למחלקת אפס הפרדה - חדר לבד ל-36 שעות ראשונות, חדר זוגי כך שהמלווה יכול לישון. יש חדרי לידה במים (בריכה בתשלום).",,
בתי חולים וחוויות לידה,מרכז לידה בלתי מרכז-רפואי / לידת בית,"דיון נרחב על לידת בית - יתרון: מיילדת מוכרת שמלווה מההריון, ליווי אישי ללא לחץ זמן, יציבה הביתית. תנאי משרד הבריאות: לידת בית מאושרת רק עד שבוע 42 ועד משקל עובר משוער מסוים (סביב 4 ק""ג); יש לבדוק קריטריונים מדויקים עם המיילדת.",,"חשוב: יש לוודא קרבה (כעד חצי שעה נסיעה) מבית חולים, ונגישות לאמבולנס - תנאי לאישור מענק לידה."
בתי חולים וחוויות לידה,"בית יולדות אנתרופוסופי (חו""ל)","תיאור חוויה חיובית מאוד מבית יולדות בגישה אנתרופוסופית באמצע יער (בחו""ל) - גישה טבעית עם אופציה לאפידורל וגיבוי לחדר ניתוח.",,"רלוונטי בעיקר למתגוררות בחו""ל."
בתי חולים וחוויות לידה,סיור מקדים בבית החולים,"מומלץ ללכת לסיור מקדים בבית החולים (סוף שליש שני / תחילת שלישי) להכרת המקום והצוות, ולשאול שאלות על דברים חשובים אישית (חדר לבד, לידת מים וכו'). הוער כי סיורים מציגים את הצד החיובי - לא תמיד משקפים מצב עומס בזמן אמת.",,
בתי חולים וחוויות לידה,ליווי רפואי בהולנד (לדוגמה להשוואה בינלאומית),"בהולנד מקובל ליווי הריון ולידה ע""י מיילדת אחת לאורך כל הדרך, כולל בלידות בית; בדיקות מינימליות יחסית לישראל (סקירה ראשונה ושנייה, בדיקות דם, ניפט). מודל זה מבוסס על אמון רב יותר באוטונומיה של היולדת.",,
"בדיקות, מעקב הריון וחיסונים",מי שפיר + ציפ גנטי / אקסום,"מי שפיר כולל כיום גם ציפ גנטי. אקסום הוא בדיקה יקרה יותר (כ-8,000-11,000 ש""ח, כולל בדיקה לאם, לאב ולעובר) ומכסה טווח רחב יותר של אבחנות גנטיות. ניתן לשמור את הדגימה ממי השפיר ולשדרג לאקסום בהמשך בלי לדגום שוב.",,אזהרה לאיזון: בדיקות גנטיות הן החלטה רפואית-אישית מורכבת ולא משהו שכדאי להחליט עליו על בסיס דעות לא-מקצועיות בקבוצת וואטסאפ - מומלץ להתייעץ עם רופא/ת נשים ולקבל החלטה מושכלת אישית.
"בדיקות, מעקב הריון וחיסונים",סקר ביוכימי (בדיקת דם בהריון),בדיקת דם שגרתית בהריון; חלק מהרופאים ממליצים עליה גם אחרי מי שפיר/אקסום כבדיקה משלימה.,,
"בדיקות, מעקב הריון וחיסונים",סקירת מערכות שלישית,"בדיקה נוספת שהפכה נפוצה יותר בשנים האחרונות, לא הייתה מקובלת כסטנדרט לפני כן. מומלצת בעיקר אם יש אינדיקציה ספציפית; אם הכל תקין בסקירות הקודמות יש דעות שהיא לא הכרחית.",,
"בדיקות, מעקב הריון וחיסונים","בדיקת פרקי ירך (אולטרסאונד, גיל 8-10 שבועות)",בדיקה לבדיקת התפתחות מפרקי הירך של התינוק. מומלץ לפנות לרופא אורתופד (ולא רק טכנאי) לקבלת הסבר מלא אם יש תוצאה גבולית; ניתן גם להיוועץ עם פיזיותרפיסט/אוסטאופת.,,
"בדיקות, מעקב הריון וחיסונים",בדיקת שמיעה לתינוקות,"מתבצעת ע""י טכנאי/ת (לא רק רופא) - תוצאות עולות באפליקציה, רופא הילדים מתקשר רק אם יש חשש.",,
"בדיקות, מעקב הריון וחיסונים",חיסונים - לוח זמנים מקובל (לפי תוכנית טיפת חלב),"יום הלידה: משחת עיניים, ויטמין K, צהבת B מנה 1, RSV. גיל חודש (או חודשיים אם נדחה): צהבת B מנה 2. גיל חודשיים: מחומשת מנה 1, פנאומוקוקוס 1, רוטה 1. גיל ארבעה חודשים: מחומשת מנה 2, פנאומוקוקוס 2, רוטה 2.",,
"בדיקות, מעקב הריון וחיסונים",ויטמין K - דרך הפה מול זריקה,"דרך הפה: ניתן ב-3 מנות, לוקח יותר זמן אך פחות פולשני. בזריקה: מנה אחת, נחשבת יעילה יותר. ההחלטה תלויה במצב הלידה (למשל לידה מורכבת/ואקום) ובהעדפה אישית.",,
"בדיקות, מעקב הריון וחיסונים",חיסון צהבת B - בדיקת נשאות לבן הזוג,"אם רוצים לשקול לא לחסן, מומלץ שגם בן/בת הזוג יעשו בדיקת דם לנוגדנים - בדיקה שלילית לאם בלבד אינה מספיקה כדי לדעת בוודאות שאין סיכון.",,
"בדיקות, מעקב הריון וחיסונים",⚠️ התראת בטיחות רשמית ממשרד הבריאות - מחית פירות 'פרינוק',"הודעה רשמית: נמצאו חומרים תרופתיים (קלונזפאם ולורזפאם - תרופות בנזודיאזפינים) בצנצנות מחית פירות לתינוקות ממותג 'פרינוק', שנמכרו בשני סניפים ספציפיים של רשת 'זול ובגדול' בירושלים (רחוב יפו 113 ורחוב יפו 214). הוצאו צווי סגירה לסניפים, ומשטרת ישראל מעורבת. לא מדובר בריקול גורף של כל מוצרי פרינוק - הבדיקות במפעל ובייבוא נמצאו תקינות.",מוקד משרד הבריאות: 5400*,"אזהרה לפעולה: הורים שילדיהם אכלו מהמוצר מתבקשים לשים לב לשינוי בהתנהגות (ישנוניות, תשישות, דיבור מבולבל) ולפנות לרופא הילדים ולמוקד משרד הבריאות. אין לצרוך מוצרים שנרכשו בשני הסניפים הספציפיים שצוינו, מוצרים שלא באריזה מקורית, או כאלה שמנגנון הוואקום בהם לא תקין."
קורסי הכנה ללידה ושיטות,קורס היפנובירת'ינג - ספר אדום מול ספר לבן,יש שני ספרי בסיס נפוצים: 'אדום' (המקורי) ו'לבן' (מבוסס על המקורי עם טאצ' מודרני). יש ברקוד בספר להקלטות שמע נלוות.,,"לפי חוות דעת אחת: הלבן 'פחות מומלץ' מהאדום, אך זו דעה אחת מתוך כמה - לא קונצנזוס."
קורסי הכנה ללידה ושיטות,קורס הכנה ללידה - תוכן מומלץ לבדוק מראש,"מומלץ לבדוק מראש אם הקורס (בפרט קורסים מבית חולים/קופת חולים) מכיל הדרכה מעשית על נשימות ותנוחות לידה, ולא רק מידע כללי. דווח שחלק מהקורסים בבתי חולים נמנעים מהעמקה בנושאים אלו.",,"קורסים פרטיים (לא של בית חולים) נחשבו לעיתים מקיפים יותר בנושאי נשימה, תנועתיות ורצפת אגן."
קורסי הכנה ללידה ושיטות,"תרגול היפוך עוברי (תרגילים, שבוע 28+)",תרגילי היפוך לא הופכים עובר שראשו כבר למטה למנח אחר - העובר יכול להתהפך מעצמו (גם בלי קשר לתרגילים) ולחזור גם בשבוע מאוחר.,,
קורסי הכנה ללידה ושיטות,תנועתיות בלידה / עמדות לידה,מומלץ לתרגל מראש תנוחות ותנועה לקראת לידה (לא להישאר רק על הגב). חשוב לתרגל גם ניסוח בקשות מהצוות הרפואי (כמו בקשה לא להיות מקובעת למוניטור) - מומלץ להתאמן על הניסוח מראש.,,
"טיפול יומי בתינוק (גזים, עור, שינה)",עיסוי בטן לגזים (תינוקות),עיסוי יומי (מומלץ בבוקר) המסייע משמעותית להפחתת גזים. כולל גם הפיכת התינוק מהרגליים עד שהוא מקשית את הגב - מסייע גם להתפתחות הקיבה.,,
"טיפול יומי בתינוק (גזים, עור, שינה)",שפת דנסטן (Dunstan Baby Language),"שיטה ללמידת 'מילים'/צלילים שתינוקות משמיעים לפני בכי מלא, לזיהוי צורך (רעב, גזים, עייפות) מוקדם. קיימת אפליקציה ייעודית (כ-20 ש""ח).",apps.apple.com/il/app/dunstan-baby/id1561052311,חשוב להתאים לתינוק הפרטי - לא כל תינוק משמיע בדיוק את אותן הברות; ההברה הכללית חשובה יותר מהאותיות המדויקות.
"טיפול יומי בתינוק (גזים, עור, שינה)",טיפול בקוליק/גזים - שמן לבטן (Head to Toe),"ראו פירוט מורחב בגיליון 'ציוד לתינוק', קטגוריית טיפוח ואמבטיה.",,
"טיפול יומי בתינוק (גזים, עור, שינה)",מנח שינה ושמירה על שעון יום-לילה,"מומלץ אור אדום בלבד בלילה (לא לבן - משבש מלטונין), הפרדה בין תנאי יום ולילה (תאורה, רעש) לעידוד הבחנה בין יום ללילה. רעש לבן ברקע יכול לסייע לשינה עמוקה יותר.",,
"טיפול יומי בתינוק (גזים, עור, שינה)",ויסות חום גוף לתינוק,"התינוק לא אמור להיות עם כובע בבית/בבית חולים בנסיבות רגילות - ויסות חום מגיע בעיקרו מהראש, אין צורך לחשוש. עדיף שיהיה לתינוק קצת קר מאשר חם - חום עלול להיות מסוכן יותר.",,אזהרה: לא לשים שמיכות בעריסה/בלול - סכנת חנק. שק שינה הוא חלופה בטוחה.
"טיפול יומי בתינוק (גזים, עור, שינה)",טיפול בעור תינוק - אמבטיה,"מומלץ לקלח לעיתים נדירות (יום כן יום לא, ולעיתים פחות) - ריחוץ תכוף מייבש את העור ומוריד את מחסום ההגנה הטבעי. בשבועות הראשונים מומלץ להימנע מתכשירים, רק מים ועיטוף בעדינות.",,
"טיפול יומי בתינוק (גזים, עור, שינה)",חבל הטבור - טיפול,"מומלץ לא לשים אלכוהול על חבל הטבור (פוגע בחיידקים שעוזרים לו ליפול), ולא להרטיב את האזור עד שנופל (חוץ מיום לפני ברית, אז מקלחים לפי הנחיית רופא/מוהל).",,
"טיפול יומי בתינוק (גזים, עור, שינה)",Mommy's Bliss Gripe Water — טיפות לגזים לתינוק,נותנים לתינוק (לא לאמא). מבוסס זרעי שומר. קישור iHerb ישיר נשלח בקבוצה.,il.iherb.com (חיפוש: Mommy's Bliss Gripe Water),
מחקרים ודוחות,דוח McCullough Foundation (חיסונים ואוטיזם) - אזהרה,"דוח שעלה לדיון בקבוצה וטען לקשר בין חיסונים שגרתיים לאוטיזם. בבדיקה: הדוח לא עבר ביקורת עמיתים (peer review), פורסם בפלטפורמת פרה-פרינט (Zenodo) הפתוחה להעלאה חופשית בלי סינון מדעי, ולפחות אחד מהמקורות שצוטטו בו נשלף (retracted) רשמית. בין הכותבים: רופא שרישיונו בוטל בעקבות זיהוי מחקרו המקורי (1998) כמזויף.",,
"פודקאסטים, ספרים ואפליקציות מומלצות",פודקאסט 'לידה כמסע',פודקאסט על הצד הרגשי והרוחני של הלידה. מומלץ מאוד.,youtube.com/playlist?list=PL2aXoHGbpIVBo71zSIw9nnsh0H9eHkNRB,
"פודקאסטים, ספרים ואפליקציות מומלצות",ספר 'הולדת אב',"ספר שנכתב ע""י פסיכולוגית שהובילה מעגלי גברים, מבוסס על סדנת כתיבה לאבות. ממליצים לרכוש לבן הזוג/האב כמתנה - נותן פרספקטיבה על חוויית האבהות שלא תמיד מדוברת.",e-vrit.co.il/Product/20769,"מומלץ לאבות בכל הגילאים, לא רק טריים."
"פודקאסטים, ספרים ואפליקציות מומלצות",ספר 'הפרפר לאלא',ספר ילדים שמלמד ילדים להגיד 'לא' ושזכותם המלאה על גופם - הומלץ בהקשר חינוך לגבולות גוף ומניעת פגיעה.,,
"פודקאסטים, ספרים ואפליקציות מומלצות",אפליקציית שפת דנסטן (Dunstan Baby),אפליקציה ללימוד שפת דנסטן (זיהוי 'מילים'/צלילים של תינוק לפני בכי).,apps.apple.com/il/app/dunstan-baby/id1561052311,"עלות חד-פעמית (כ-20 ש""ח)."
"פודקאסטים, ספרים ואפליקציות מומלצות",עמוד אינסטגרם מאיה ורטהיימר,"הייליט בנושאי חיתולים (השוואת מותגים), טיפים שונים וקופונים שווים",,
"פודקאסטים, ספרים ואפליקציות מומלצות",עמוד אינסטגרם לטיפוח/קוסמטיקה - reviews by maya,"עמוד ביקורות מוצרי טיפוח, ממולץ לעקוב.",,
"פודקאסטים, ספרים ואפליקציות מומלצות",אפליקציית מעקב יולדות - 'יולדות',אפליקציה עם פרוטוקולים של כל בתי החולים בישראל - שימושית להכנה ולסיורים מתוכננים.,,
"פודקאסטים, ספרים ואפליקציות מומלצות",אפליקציית מעקב תינוק - Nara,"אפליקציה למעקב אחר הזנה, חיתולים, הנקה ועוד בתקופה הראשונה.",,
"פודקאסטים, ספרים ואפליקציות מומלצות",פלייליסטים מרגיעים/מקדמי לידה (ספוטיפיי),"כמה פלייליסטים שונים שותפו - תדרים (סולפג'יו 417), רעש לבן, מוזיקת הרפיה.",open.spotify.com/playlist/5L3MMEb8NtAybEkkE5YU5Y ; open.spotify.com/playlist/05BMmEm7dV4aeddGYBFrLa,
"פודקאסטים, ספרים ואפליקציות מומלצות",אלבום מוזיקה לתינוקות - 'פלא' של עלמה זוהר,אלבום מומלץ במיוחד להרגעת תינוקות ולחשיפה מוזיקלית מגיל הבטן.,,
"פודקאסטים, ספרים ואפליקציות מומלצות",פלייליסט לנסיעות - אינסיין / טרנסים,סוגה מוזיקלית (טראנס/אינסיין) שדווחה כעוזרת במיוחד להרגעת תינוקות בנסיעות ברכב.,,
"פודקאסטים, ספרים ואפליקציות מומלצות",Solid Starts — אפליקציה ואתר לטעימות ראשונות (BLW),"מידע איך להגיש כל מאכל לפי גיל ושלב התפתחותי. גישת BLW (Baby Led Weaning) — התינוק מוביל, אוכל לבד. מומלץ מאוד.",solidstarts.com,
"פודקאסטים, ספרים ואפליקציות מומלצות",ספר 'חוכמת לב' — שיר בר אמת גרדמן,"המלצה חמה, במיוחד הפרק על שינה. אפשר לקנות ולקרוא באפליקציה עברית תוך הנקה. מתאים לקריאה בתקופה הראשונה.",אפליקציה עברית לספרים (לחיפוש),
"פודקאסטים, ספרים ואפליקציות מומלצות",Nara Baby — אפליקציית מעקב תינוק (קישור מלא),קישורים מדויקים ל-App Store וGoogle Play — להוסיף לשורת Nara הקיימת.,apps.apple.com/il/app/nara-baby-pregnancy-tracker/id1444639029?l=he ; play.google.com/store/apps/details?id=com.naraorganics.nara,
"קבוצות וואטסאפ, קהילות וגמ""חים",קבוצת מנשאים - 'חיבוק הבד',"קהילת מנשאים בישראל - ניתן לשאול שאלות, לעלות תמונות לבדיקת נכונות נשיאה פיזיולוגית, ולקבל ייעוץ ממדריכות.",share.google/7RjCbAnWBrmt8UYhR,
"קבוצות וואטסאפ, קהילות וגמ""חים",ספריית מנשאים - חיפה,ספריית מנשאים פרטית להשאלה והתנסות (לפני קנייה).,,
"קבוצות וואטסאפ, קהילות וגמ""חים","ספריית מנשאים - גמ""ח (אזור ירושלים)","גמ""ח מנשאים להשאלה: חודש ראשון חינם, עד שלושה חודשים נוספים ב-20 ש""ח לחודש.",carrier-gmach.web.app,
"קבוצות וואטסאפ, קהילות וגמ""חים",ספריית/קהילת מנשאים - אפונצ'יק,"ספריית מנשאים נוספת, פרדס חנה.",,
"קבוצות וואטסאפ, קהילות וגמ""חים",מיזם מנשאים - Carrying4Love,מיזם הנצחה הקושר נשיאת תינוקות לפי מיקום גיאוגרפי.,carrying4love.com,
"קבוצות וואטסאפ, קהילות וגמ""חים",טנס,"אישה מדהימה בשם אופק שיש לה גמח טנסים לעילוי נשמת שחר בן נעים שנרצח בנובה, יוצרים קשר וניתן לתרום למיזם לאחר הלידה . ניתן לקנות מדבקות לטנס ב12 ש""ח מיד שרה",אופק 053-7117997,
"קבוצות וואטסאפ, קהילות וגמ""חים",קבוצת תמיכה לנשות אנשי מילואים,קבוצת תמיכה רגשית לנשים בהריון/אחרי לידה שבני זוגן במילואים.,,
"קבוצות וואטסאפ, קהילות וגמ""חים",קבוצת תמיכה - אפס הפרדה,קבוצה עם מידע מעודכן על נהלי בתי חולים בנושא אפס הפרדה (תינוק-אם) ולידה.,,
"קבוצות וואטסאפ, קהילות וגמ""חים",קבוצת מאמיז (פייסבוק) - תמיכת יולדות,קבוצת פייסבוק לתמיכה ושיתוף בנושאי לידה והורות.,facebook.com/share/g/1LiiN1778G,
"קבוצות וואטסאפ, קהילות וגמ""חים",קבוצת ליווי הנקה - Liu,"קהילה ותמיכה בנושאי הנקה, כולל קו חם בהתנדבות.",liu.co.il ; liu.co.il/breastfeeding,
"קבוצות וואטסאפ, קהילות וגמ""חים",קבוצת מוניטורים לתינוקות (מדריך והשוואה),"קבוצת פייסבוק שמנסה לעשות סדר בעולם המוניטורים (Owlet, Nanit ועוד).",,
"קבוצות וואטסאפ, קהילות וגמ""חים",נגן Yoto - קבוצת תמיכה וקודי קופון,"קבוצת פייסבוק עם הסברים וקודי קופון לנגן Yoto (לא נמכר רשמית בארץ). ראו פירוט על המוצר עצמו בגיליון 'ציוד לתינוק', קטגוריית התפתחות ומשחק.",facebook.com/share/g/1GepeX2Sqp,
"קבוצות וואטסאפ, קהילות וגמ""חים",קבוצת תמיכה לטיפת חלב/יועצות הנקה,קבוצה פנימית של יועצות הנקה עם דיונים מקצועיים (חלק מהמידע בקבוצה המקורית מגיע משם).,,
"קבוצות וואטסאפ, קהילות וגמ""חים",מטחברת,"השאלת מטחברת לחצי שנה, פיקדון של 200 ש""ח (חוזרים אלייך או ניתן לתרום למיזם) נרשמים באתר ויש כ48 נקודות ברחבי הארץ",https://mithaberet.com/,
"קבוצות וואטסאפ, קהילות וגמ""חים",קבוצת פייסבוק 'נשיאה טובה',קבוצה עם לינקים לקבוצות אזוריות. מדריכות נשיאה מגיעות לחלק מהמפגשים. ניתן לבחור מה למדוד מראש.,חיפוש בפייסבוק: 'נשיאה טובה',
עמודי רשתות חברתיות מומלצים,עמוד אינסטגרם - מאיה ורטהיימר,"עמוד עם הייליטים בנושאי חיתולים (השוואת מותגים כמו הרמוני, פמפרס), טיפים שונים.",,
עמודי רשתות חברתיות מומלצים,עמוד אינסטגרם - reviews by maya,"עמוד ביקורות מוצרי טיפוח, מומלץ לעקוב.",,
עמודי רשתות חברתיות מומלצים,עמוד אינסטגרם - emilie.ma.leida,עמוד שעלה בהקשר הריון/תזונה.,instagram.com/emilie.ma.leida,
עמודי רשתות חברתיות מומלצים,עמוד אינסטגרם - shiran.babywearing,ערוץ הדרכה מפורט על שימוש במנשאי היברידי/מאי טאי עם תינוקות (גם ביוטיוב).,,
עמודי רשתות חברתיות מומלצים,maayan_immateva — אינסטגרם,עמוד מומלץ שעלה בקבוצה.,instagram.com/maayan_immateva,
עמודי רשתות חברתיות מומלצים,michal.hallel.honen.blueprint — אינסטגרם + אתר,"עמוד ואתר שהוזכרו יחד, מומלצים.",instagram.com/michal.hallel.honen.blueprint ; michalhallelhonen.co.il,
עמודי רשתות חברתיות מומלצים,milki_yot — מיזם לעידוד הנקה (אינסטגרם),מיזם ישראלי לעידוד הנקה. יש בו קבוצת יועצות מאושרות — ראו גיליון 3.,instagram.com/milki_yot,
עמודי רשתות חברתיות מומלצים,oren.pishpushim — אינסטגרם,עמוד שנשלח בקבוצה.,instagram.com/oren.pishpushim,
מסמכים ואתרים שימושיים,רשימת ציוד לחדר לידה,רשימה הכוללת ציוד לאם ולתינוק וחדר הלידה ולשהות בבית החולים,https://docs.google.com/spreadsheets/d/1icnzpxdFlrcHLvaiORVevwn2ub3cxRRoEARVoGDvDWs/edit?usp=drivesdk,באדיבות ליאור הנהדרת
מסמכים ואתרים שימושיים,רשימות קניות ללידה מומלצות,רשימת ציוד לאם ולתינוק ששותפה בקבוצה,https://docs.google.com/spreadsheets/d/1R0UGG24oSDz897--YLue6NvSzCUedRgJS53SjYUUrIg/edit?usp=sharing,
מסמכים ואתרים שימושיים,אתר 'סובאדה ישראל',אתר עם פירוט והפניה למטפלות סובאדה לפי אזור בישראל.,https://sobada.co.il/,
מסמכים ואתרים שימושיים,יועצות הנקה מומלצות לפי אזור,יועצות מאושרות ע״י המיזם לעידוד הנקה,https://bereshitparenting.com/lactation,
ספרים לקטנטנים,האריה שבפנים,,,
ספרים לקטנטנים,הלטאה וההד,,,
ספרים לקטנטנים,קוין הקואלה משהו?,,,
ספרים לקטנטנים,גור זאב חוזר הביתה,,,
ספרים לקטנטנים,שני סנאים ואיצטרובל,,,
ספרים לקטנטנים,חיבוקוזאורית,,,
ספרים לקטנטנים,רגזנוזאור,,,
ספרים לקטנטנים,דאגנוזאור,,,
ספרים לקטנטנים,כל אלה של רייצל ברייט,,,
ספרים לקטנטנים,הדג שלא רצה להיות דג- פאול קור,,,
ספרים לקטנטנים,"הנשיקה, החיבוק, החברות-  אואן מקלקלין ופולי דאנבר",,,
ספרים לקטנטנים,חנן הגנן- ריגת הופר,,,
ספרים לקטנטנים,מעשה בחמישה בלונים,,,
ספרים לקטנטנים,הזחל הרעב- אריק קרל,,,
ספרים לקטנטנים,תמיד אהיה הארנב שלך- פרנסס גילברט,,,
ספרים לקטנטנים,הילדה שניסתה- רמי טל,,,
ספרים לקטנטנים,ירוק כמו דשא- תלמה אליגון רוז,,,
ספרים לקטנטנים,לקוף יש בעיה,,,
ספרים לקטנטנים,אני זה אני ואני מיוחד- אן מיק ושרה מסיני,,,
ספרים לקטנטנים,איפה הדוב,,,
ספרים לקטנטנים,הארנב שהקשיב,,,
ספרים לקטנטנים,רוני ונעמה- רינת הופר,,,
ספרים לקטנטנים,"פיזיקה קואנטית, גנטיקה, אבולוציה, אסטרונאוטיקה- קרלוס פאזוס",,,
ספרים לקטנטנים,הסיפריה הראשונה שלי,,,
ספרים לקטנטנים,הסיפריה המונטסורית,,,
מדריכים,מדריך משחקי התפתחות / משחק פתוח / משחק סגור 🧸,"בגדול אין כזה דבר משחקי התפתחות יש שלבי התפתחות ודברים שנרצה לפתח / לקדם אצל התינוק / ילד שלנו 
לדוגמא הקשר עין יד, מוטוריקה עדינה, חוש המישוש / מגע / ראיה..
יכולות ריכוז

אני אתחיל ואומר שיש  דברים שאנחנו מאוד מקדשים בבית
1. אם שון מרוכז במשחק / ציור אנחנו בחיים לא נפריע לו, לומר וואו איך אתה מצייר יפה זה להפריע! אנחנו תמיד נקדש את זמן הריכוז שלו בזמן הזה הוא באפס מחשבות ואנחנו יודעים שאפס מחשבות מפתחות את המח בצורה הכי מיטבית שיש
2. ⁠אנחנו לא נביע דעה לא איזה יפה אתה מצייר, לא אומרים כל הכבוד ולא נותנים ציונים המטרה שלנו היא להשתתף בהתלהבות שלו עצמו זו שהוא יצר המטרה שלנו היא שהוא לא יהיה תלוי באחר ובדעות של אחרים הביטחון העצמי שלו הוא במקום הראשון ואנחנו לא נרצה שהוא יחכה לקבל פידבק כלשהו מהסביבה 
3. ⁠אנחנו מאמינים שילד לא צריך שילמדו אותו ילד צריך לחקור ולגלות את רוב הדברים בעצמו  המטרה שלנו היא להציב גבולות ברורים ולתת הכוונה אנחנו לעולם לא ננסה ללמד אותו או לכוון את תשומת ליבו בכח אנחנו נרצה שהוא יגלה דברים מתוך הסקרנות הילדית שלו
4. ⁠לדוגמא היינו באירוע והיו אורות מגניבים חמותי לא הםסיקה לומר לו תראה תרא האת זה ותראה את זה ורם עצר אותה ואמר לה תני לו לבד ובאמת ברגע שהיא שיחררה אותו הוא גם התנסה בעצמו שזו למידה הרבה יותר אפקטיבית וגם ההתלהבות שלו הייתה גדולה יותר
לא משנה ממשיכה הלאה


מה ההבדל בין משחק סגור למשחק פתוח
משחק פתוח זה בעצם משחק שמשתמש בעיקר בדמיון צדפה גדולה זה משחק פתוח, למה? 
כי צדפה יכולה להיות קערה מרק, עט חפירה, כובע אין לה סוף לשימושים ולדמיון 
משאית זה משחק סגור כי משאית יכולה להיות רק משאית 
זה לא אומר שאין לנו משאית זה פשוט אומר שאנחנו מקדשים בעיקר משחקים פותחים
הם מפתחים את הדמיון הם אין סופיים ויש להם יכולת להפוך לכל משחק התפתחות עם קצת דמיון ויצירתיות מצידנו

מבחינת חדש המשחקים של שון החדר מחולק למספר פינות

פינת בובות: יש שם בובות, מסרק, כפית וקערה, חיתולים לבובות ויש כלי האכלה ומשחק לחתול 
אפשר גם להתקלח איתם אני אעשה סיור וידאו מתישהו

פינת מוזיקה: כלי מוזיקה מגוונים כולם כלי מוזיקה אמיתיים שום דבר לא צעצוע מפלסטיק אלא מחנויות מוזיקה לרוב אתנטיות וגם דברים שחברים הביאו מתאילנד. למה? כי כמו בגישה המונטוסורית אנחנו רוצים שהילד שלנו יחווה את הצליל והכלי האמיתי זה לזה המון יתרונות

פינת ספרים: הספריה שלנו מכילה ספרים שאת כולם קראנו אחד אחד לוודא שמדובר בספרים שאנחנו מוכנים ורוצים להכניס הביתה 
לדוגמא האריה שאהב תות לא למצאו כאן אנחנו לא מאמינים שילד טיפש כי הוא רצה לאכול משהו שאמא שלו לא הכינה ומותר לו שיהיו לו רצונות משלו

פינת בנייה: לבנים, קוביות מעץ, צעיפי משי, חיות מעץ, מגנטים, כוסות עץ, כדורי עץ, חווה לחיות..

פינת מטבח: סירים, כוסות זכוכית, מחבתות, פירות מלבד, ירקות מלבד, ערוגה שמגדלים בה ירקות מלבד ועוד ועוד

ובמרכז החדר יש מתקני טיפוס, נדנדה, סטפלשטיין אבני משחק, פופים ושטיח אינטרקטיבי

יש לו עוד משחקי טייק אוואי וכל מיני דברים נוספים שהם פשוט מגניבים

הרצון היה ממש לייצר גן / משחקיה בבית",,
מדריכים,מדריך שנת תינוקות 💤,"חלון ערות הוא הזמן שבו התינוק ער מרגע שהתעורר ועד שהוא נרדם שוב ואז מתחיל חלון השינה שעובד על אותו עיקרון הזמן שבו התינוק ישן עד הרגע שמתעורר.
אצל תינוקות, מערכת העצבים עדיין לא בשלה, ולכן הם מתעייפים מהר ביחס לאדם בוגר, ככל שהם גדלים חלונות הערות והשינה מתרחבים, הם זקוקים לפחות שינה.
לדוגמא סביב גיל שנה וחצי יורדים מורידים שנת בוקר וישנים רק שנת צהריים.
הזמן הזה של החלונות משתנה עם הגיל ומתינוק לתינוק הרכבתי על זה בטקסט הבא שאני שולחת.

אבל רגע ניתן דוגמא 
בגיל 0–6 שבועות:

* חלון ערות ממוצע: 30–60 דקות.
* יש תינוקות שמחזיקים רק 20–30 דקות.
* לעיתים מגיעים ל־75–90 דקות.

החלון כולל:
* הנקה
* החלפה
* זמן ערות
* חיבוקים
* זמן בטן קצר

כדאי להתחיל הרדמה כבר בסימני עייפות מוקדמים כדי לא להגיע לעייפות יתר שיכולה להוביל לזמן הרדמה ארוך

* מבט מזוגג
* פחות קשר עין
* האטה בתנועות
* פיהוקים
* שפשוף פנים
* מבט הצידה
* גבות אדומות

סימני עייפות מאוחרים
אם מגיעים אליהם, ההרדמה בדרך כלל תהיה קשה יותר:

* בכי
* הקשתה בגב
* עצבנות 
* ניתוק וחיבור חוזר להנקה
* תנועות ידיים ורגליים מהירות

כשמפספסים את החלון שינה הגוף מפריש הורמוני סטרס והתינוק מתקשה להירדם בגילאים בוגרים יותר נראה אותו משתגע קצת, נופל הרבה והופך קצת לגרמלין מתוך הקושי לויסות והיכולת לומר אני עייף.

----------

קודם כל לפני הכל אני אומר שהילדים שלנו מאוד מושפעים מאנרגיה, בעיקר אנרגיה של ההורים שלהם בעיקר האנרגיה של אמא שלהם ובמיוחד בחודשים הראשונים כשעוד תהליך ההיפרדות הראשוני קורה זה שהופך אותנו מגוף אחד של תשעה חודשים לשני גופים נפרדים

שינה זו פרידה לא משנה באיזה גיל, כמו כל פרידה זה דורש התמסרות מסויימת והבנה שיש תנאים מאוד ספציפים לכל ילד והתנאים האלו גם משתנים בדיוק כמו שאותו תינוק לא נראה ולא מתנהג אותו הדבר כמו בגיל חודשיים לגיל ארבעה חודשים ככה גם ההסתגלות שלנו כהורים להבין כל הזמן מה יכול לעבוד הפעם על מנת לעזור (תמיד לעזור! תמיד להיות שם!) עבור הילד שלנו להתכנס לשינה עמוקה ומדוייקת

אז קודם כל צריך לשים לב איך אנחנו מרגישים כשאנחנו מלווים את הילד שלנו לקראת שינה מה מצב הרוח שלנו, אם צריך לעשות מדיטציה תוך כדי, לספור עד מאה, לשים אפילו איזה שיר שאנחנו אוהבים בלופים כל דבר שיכול לעזור לנו להיות רגועים ושלווים. ילדים בעיקר תינוקות הם כמו ספוג והם סופגים את האנרגיה שלנו אליהם. אם נהיה לחוצים שירדמו או עצבנים הם ירגישו את זה וזה מאוד ישפיע על היכולת שלהם להתכנס לשינה

יש מספר דברים שצריך לשים לב אליהם מבחינת תנאים לשינה, האם לתינוק שלי נוח עם מה שהוא לובש? האם יש פתקים בבגד שיכולים להפריע לו? האם הרגליות משוחררות מספיק? אולי בכלל עדיף לו לישון בלי רגליות (ברגל יש כמות עצבים מטורפת שעוזרת להם להתפתח במיוחד בלילה חשוב להיות עם כפות רגליים חשופות) האם הטמפרטורה בחדר מטיבה עימו? שון לדוגמא ישן הכי טוב ועמוק ב24 מעלות בדיוק לא פחות ולא יותר בול 24, האם החדר יבש / לח, האם הוא יכול להיות צמא, החיתול במידה הנכונה? יש כל כך הרבה תנאים שיכולים להשפיע על השינה של התינוק שלנו והמטרה שלנו היא ללמוד את הבן אדם הזה שהגיע אלינו ולראות מה הדבר שהכי מתאים לו לנקודת הזמן הנוכחית. לדוגמא בחודשים הראשונה לתינוק יכול להיות הכי נוח לישון על הצד יותר מכל תנוחה אחרת אם לא ננסה לא נדע. תתייחסו אל זה ממש כמו לעבודת מחקר.

בגדול בשינה עמוקה התינוק שלנו לא עושה צרכים אבל בהחלט יש מחזורי שינה בניהם הוא יכול להתעורר, לעשות פיפי נניח ולבכות מזה ממש כמו שילד בוגר מתעורר מחלום רע  
עם הזמן חלונות השינה גדלים וגדלים אין באמת הגדרת גיל כל ילד שונה וההגדרה הקיימת היא מאוד כללית ונותנת הכוונה כללית בלבד שממנה אפשר להתנסות ולראות מה הכי מתאים לילד שלנו

אז טיפ ראשון שלי 
ללמוד בדיוק את מחזורי השינה של התינוק שלכם ולהגיע ממש דקה שתיים לפני שאנחנו יודעים שהוא הולך להתעורר ובעצם לתת לו את המענה אם זו הנקה, אם זו טפיחה קלה על הטוסיק ככה אנחנו עוזרים לו לחבר מחזורי שינה ולא לפתוח חלונות ערות

הטיפ השני 
להיות ממש דרוכים מול המוניטור בעיקר בגילאי שלושה חודשים ומעלה 
כשכבר אין תזוזות ניו בורן שיכולות להיראות כמו ערות אבל הם לא
לשים לב בדיוק מתי מתחילה התעוררות ו״לרוץ״ לחדר להרדים לא לתת לגוף שלהם ולתודעה להגיע לעוררות זה גם עוזר להם לחבר מחזורי שינה ומונע חלונות ערות
בלינה משותפת אז זה גם קל כי ברגע שנכנסים לחדר לישון איתם זה באמת ככה המענה הוא מיידי

טיפ מספר שלוש
ברגע שנכנסו לחדר לשעת שינה גם אם היא בטעות לא מדוייקת אנחנו לעולם אבל לעולם לעולם לא יוצאים מהחדר 
שון יודע שאין דבר כזה לצאת מהחדר ברגע שנכנסנו אליו הוא יכול לפרוק אנרגיה הוא יכול לדבר בחדר אבל אנחנו לא נצא מהחדר מהרגע שנכנסו אליו לשינה 
זה גבול מאוד מאוד מאוד ברור שיש לנו 
ברגע שאנחנו נתייאש ונצא עם הילד לסלון הוא יבין שאם יתאמץ מספיק יהיה לו עוד זמן בחוץ 
אני לא רוצה שהילדים שלי ידעו שיש אופציה כזו בכלל
ולכן היו מקרים שטעיתי מבחינת חלון הערות הוא היה קצר מידי ובאמת מצאתי את עצמי שעה שלמה בחדר
אני בדעה שמה שקשה לי עכשיו יקל עליי מאוד בהמשך 

טיפ רביעי 
חלונות שינה וערות 
יגיע שלב בדרך כלל אחרי 4 חודשים שהתינוק שלך יצטרך X שעות ערות כדי להירדם בקלות
אבל אז יהיו מצבים כמו נניח התינוק נרדם ברכב ניסיתם נניח להעביר לבית והוא התעורר ועכשיו יתחיל מאבק של הרדמה חזרה שיכול לייצר מצב של תסכול, מתוך ההבנה שיש X שעות ערות כרגע בחלון הערות החדש שנפתח לא ניסיתי אפילו להרדים חזרה (אלא אם ראיתי שהוא ממש מנומנם ויש כזו אפשרות) בגיל חמישה חודשים חלון הערות של היה שלוש שעות אז רק בתום שלוש השעות האלו לקחתי להרדמה שהייתה גם הרדמה מהירה כי ממש הבנתי מה הזמן המדויק שלו לשינה.

טיפ חמישי
סדר יום קבוע, ברגע שזמני השינה קבועים זה נותן ביטחון גם לכם וגם לתינוק, זה עושה סדר והכי חשוב הגוף של התינוק מתרגל לזמנים האלו

כשהיה לי משפחתון זה היה ברמה שהתינוקות היו מזיזים את הכיסאות אוכל למקום כי פשוט ידעו כבר בשעון הפנימי שלהם שזה הזמן לאוכל
אותו הדבר עם שינה ברגע שיש זמנים מדוייקים (ממליצה מגיל 3-4 חודשים) הכל הרבה יותר פשוט

טיפ שישי
שנות יום באור ושנות לילה בחושך מוחלט להשתמש אך ורק באור אדום בלילה הוא היחידי שלא פוגע בהורמון השינה הקרוי מלטונין וככה התינוק לא פותח חלונות ערות
אני יכולה לספור על כף יד אחת את מספר הפעמים ששון פתח חלון ערות בלילה 

טיפ שביעי
לפחות שעה לפני השנת לילה זמן רגוע ושליו, אור מעומעם, בלי מוזיקה או טלוויזיה ברקע, אווירה רגועה אפשר לשלב טקס שינה למי שמתאים (לא חובה!!)
שימו לב אגב שיש תינוקות שמקלחת / אמבטיה מעוררת אותם והיו מספר מקרים שבהם המלצתי להפוך את ארוחת הערב עם המקלחת והשינה באמת הייתה הרבה יותר איכותית

יש כמובן מגוון של מקרים וסיטואציות שמשנות את היכולות להירדם, חלונות שינה שמשתנים, כאבי שיניים, קפיצות גדילה, מחלה, תולעים, קר מידי ואז גם נראה המון המון פיפי. יש תינוקות עם טונוס גבוה שמאוד קשה להם להתכנס לשינה ויש שינויים בחיים מעברי דירה, דברים שקורים בגן לא חסר 
המטרה שלנו בעיקר בשנה הראשונה היא לזרום כמה שאפשר, לתת תמיכה מיטבית לתינוק שלנו, לתת לו תחושת ביטחון בחלק הכי פגיע של היום השינה שלו ולהיות שם תמיד עבורו לתת מענה לצרכים שלו בין אם הם פיזים ובין אם ריגשיים

מטרת העל היא למצוא מה מתאים לתינוק שלכם, לכם ולמשפחה שלכם 
שתהיה לכולם שינה איכותית וטובה אמן
אני הייתי נועה שחר ושדי",,
מדריכים,מדריך לפרידה מחיתולים 💩,"מדריך של הדס קפלן (בהמלצת נועה) על איך מתחילים, על ""מוכנות"" ו""גמילה"", למה לצפות, כמה זמן זה לוקח, מה עושים בלילה, תשובות לשאלות נפוצות

לינק: https://www.hadaskaplan.com/pottylearning",,
